Date,City,Country,Latitude,Longitude,MaxTemp,Humidity,Cloudiness,Wind Speed
1551577800.0,boden,SE,65.83,21.69,-0.41,84.0,0.0,5.82
1551580969.0,provideniya,RU,64.42,-173.23,27.12,94.0,24.0,10.0
1551578400.0,castro,CL,-42.48,-73.76,50.0,87.0,76.0,3.36
1551580970.0,chuy,UY,-33.69,-53.46,64.33,86.0,0.0,11.23
1551580970.0,nyanguge,TZ,-2.54,33.2,72.21,84.0,32.0,3.62
1551580265.0,hermanus,ZA,-34.42,19.24,64.99,89.0,24.0,1.01
1551578400.0,ushuaia,AR,-54.81,-68.31,50.0,66.0,40.0,3.36
1551578400.0,georgetown,GY,6.8,-58.16,78.8,83.0,40.0,4.7
1551580685.0,bluff,AU,-23.58,149.07,88.81,39.0,76.0,14.03
1551580929.0,lagoa,PT,37.14,-8.45,54.0,87.0,0.0,2.24
1551580694.0,qaanaaq,GL,77.48,-69.36,5.56,71.0,0.0,18.72
1551580973.0,katobu,ID,-4.94,122.53,82.87,97.0,48.0,2.62
1551580590.0,kahului,US,20.89,-156.47,77.0,57.0,75.0,12.75
1551580755.0,hobart,AU,-42.88,147.33,71.6,73.0,80.0,5.82
1551580387.0,punta arenas,CL,-53.16,-70.91,50.0,71.0,75.0,10.29
1551580973.0,chokurdakh,RU,70.62,147.9,-9.34,67.0,68.0,16.37
1551578400.0,akureyri,IS,65.68,-18.09,30.2,92.0,90.0,6.93
1551580830.0,hilo,US,19.71,-155.08,75.2,64.0,1.0,12.75
1551580887.0,albany,US,42.65,-73.75,33.8,69.0,90.0,1.95
1551580834.0,nikolskoye,RU,59.7,30.79,21.99,73.0,90.0,24.61
1551580975.0,udachnyy,RU,66.42,112.4,7.27,80.0,56.0,3.4
1551580975.0,sao filipe,CV,14.9,-24.5,71.31,92.0,0.0,15.82
1551580976.0,rikitea,PF,-23.12,-134.97,79.27,100.0,0.0,11.23
1551580976.0,deputatskiy,RU,69.3,139.9,-11.59,70.0,8.0,3.96
1551580976.0,altamira,BR,-3.2,-52.21,76.39,90.0,32.0,4.63
1551580703.0,kapaa,US,22.08,-159.32,75.2,57.0,1.0,17.22
1551580977.0,celendin,PE,-6.87,-78.15,53.94,88.0,0.0,1.72
1551578400.0,avarua,CK,-21.21,-159.78,86.0,74.0,0.0,13.87
1551580977.0,namatanai,PG,-3.66,152.44,86.83,86.0,0.0,6.87
1551580977.0,saskylakh,RU,71.97,114.09,-18.11,51.0,48.0,2.95
1551578400.0,aksu,KZ,52.04,76.93,21.2,92.0,75.0,13.42
1551580978.0,komsomolskiy,RU,67.55,63.78,-3.49,74.0,44.0,10.22
1551580812.0,clarence town,AU,-32.59,151.78,91.0,45.0,90.0,10.29
1551580978.0,puerto ayora,EC,-0.74,-90.35,82.24,100.0,20.0,6.64
1551580952.0,saint-philippe,CA,45.36,-73.48,27.0,63.0,90.0,5.82
1551580979.0,severo-kurilsk,RU,50.68,156.12,26.94,100.0,12.0,14.7
1551580979.0,faanui,PF,-16.48,-151.75,83.37,100.0,44.0,6.2
1551580929.0,busselton,AU,-33.64,115.35,82.0,29.0,0.0,9.66
1551580849.0,pacific grove,US,36.62,-121.92,59.0,93.0,90.0,5.97
1551580980.0,guerrero negro,MX,27.97,-114.04,61.86,77.0,12.0,10.11
1551580209.0,mataura,NZ,-46.19,168.86,66.99,67.0,0.0,15.01
1551580980.0,karatau,KZ,43.18,70.46,39.31,87.0,56.0,13.02
1551580980.0,camabatela,AO,-8.19,15.37,66.99,96.0,92.0,3.96
1551579240.0,bethel,US,60.79,-161.76,35.6,80.0,20.0,6.93
1551577800.0,narsaq,GL,60.91,-46.05,28.4,46.0,20.0,8.05
1551580981.0,kondagaon,IN,19.59,81.66,73.92,76.0,0.0,7.65
1551578400.0,norman wells,CA,65.28,-126.83,5.0,50.0,5.0,4.7
1551580221.0,bredasdorp,ZA,-34.53,20.04,64.99,88.0,68.0,3.36
1551580982.0,pangkalanbuun,ID,-2.68,111.62,83.41,97.0,56.0,4.18
1551580830.0,butaritari,KI,3.07,172.79,82.69,100.0,76.0,16.71
1551578400.0,mmabatho,ZA,-25.85,25.61,68.0,40.0,0.0,8.05
1551578400.0,thompson,CA,55.74,-97.86,-9.41,63.0,90.0,8.05
1551578400.0,tarrafal,CV,15.28,-23.77,68.0,60.0,0.0,17.22
1551580717.0,rapid valley,US,44.06,-103.15,-5.01,76.0,75.0,10.29
1551576600.0,kankon,IN,15.02,74.02,75.2,83.0,20.0,5.82
1551578400.0,kuala sungai baru,MY,2.36,102.03,84.2,69.0,75.0,11.41
1551578400.0,victoria,BN,5.28,115.24,86.0,70.0,75.0,3.36
1551580985.0,tessalit,ML,20.2,1.01,43.81,39.0,0.0,5.64
1551580985.0,tilichiki,RU,60.47,166.1,2.55,83.0,76.0,6.76
1551580985.0,cidreira,BR,-30.17,-50.22,76.48,63.0,92.0,1.95
1551580986.0,jamestown,AU,-33.21,138.6,96.82,19.0,24.0,11.79
1551580741.0,atuona,PF,-9.8,-139.03,81.52,100.0,0.0,8.88
1551579600.0,rovaniemi,FI,66.5,25.72,-0.41,84.0,0.0,11.41
1551580987.0,yichang,CN,30.77,111.32,49.12,100.0,0.0,3.96
1551580934.0,new norfolk,AU,-42.78,147.06,71.6,73.0,56.0,5.82
1551580856.0,airai,TL,-8.93,125.41,81.52,71.0,36.0,1.72
1551578400.0,fort nelson,CA,58.81,-122.69,-0.41,64.0,5.0,2.24
1551580885.0,frankfort,US,38.2,-84.87,39.99,69.0,90.0,3.36
1551580988.0,marzuq,YE,14.4,46.47,50.97,86.0,0.0,2.51
1551580475.0,hasaki,JP,35.73,140.83,45.0,93.0,75.0,4.7
1551580988.0,vanavara,RU,60.35,102.28,16.63,78.0,0.0,3.74
1551580989.0,leningradskiy,RU,69.38,178.42,2.37,86.0,32.0,3.18
1551580685.0,kaeo,NZ,-35.1,173.78,78.01,59.0,0.0,7.0
1551580989.0,fatick,SN,14.33,-16.4,64.78,23.0,0.0,8.43
1551580987.0,charlestown,US,41.38,-71.64,34.0,86.0,90.0,6.76
1551580990.0,kadrina,EE,59.34,26.14,23.02,75.0,56.0,7.87
1551580989.0,bayshore gardens,US,27.43,-82.59,71.6,94.0,20.0,5.82
1551578400.0,abu dhabi,AE,24.47,54.37,62.6,59.0,20.0,6.93
1551580991.0,uray,RU,60.13,64.8,20.82,86.0,80.0,6.2
1551578400.0,vaini,IN,15.34,74.49,62.6,59.0,0.0,1.72
1551580288.0,hauterive,FR,46.09,3.45,42.8,75.0,0.0,2.24
1551580747.0,mahebourg,MU,-20.41,57.7,80.6,88.0,75.0,11.41
1551580930.0,kodiak,US,39.95,-94.76,25.0,52.0,90.0,19.46
1551580992.0,siaya,KE,0.06,34.29,64.96,100.0,8.0,4.41
1551580993.0,bandundu,CD,-3.32,17.38,73.78,95.0,64.0,2.39
1551580993.0,solnechnyy,RU,50.72,136.64,26.85,64.0,0.0,3.62
1551578400.0,general roca,AR,-39.03,-67.58,69.8,60.0,0.0,7.76
1551580993.0,lebu,ET,8.96,38.73,43.63,81.0,0.0,2.84
1551580975.0,bull savanna,JM,17.89,-77.59,69.06,85.0,8.0,4.63
1551580867.0,saldanha,PT,41.42,-6.55,36.16,78.0,12.0,5.64
1551580810.0,bereda,ES,43.27,-7.54,57.0,76.0,80.0,12.75
1551580932.0,nago,IT,45.88,10.89,46.99,86.0,0.0,2.24
1551580691.0,vila velha,BR,-3.71,-38.6,79.0,100.0,92.0,1.99
1551580684.0,milkovo,BG,41.53,24.68,46.99,100.0,90.0,6.93
1551578400.0,kibala,TD,9.11,18.35,84.2,42.0,0.0,6.53
1551580995.0,auki,NG,12.18,6.51,65.77,35.0,0.0,6.42
1551578400.0,vila franca do campo,PT,37.72,-25.43,62.6,93.0,75.0,26.4
1551580996.0,mandalgovi,MN,45.76,106.27,28.06,66.0,0.0,4.63
1551577800.0,oksfjord,NO,70.24,22.35,24.8,77.0,8.0,11.41
1551580996.0,ribeira grande,PT,38.52,-28.7,59.7,99.0,32.0,24.54
1551580996.0,mbaiki,CF,3.87,17.99,69.15,98.0,64.0,2.17
1551580997.0,carnarvon,ZA,-30.97,22.13,53.17,76.0,0.0,3.29
1551580997.0,rotifunk,SL,8.23,-12.68,71.76,83.0,20.0,3.4
1551580957.0,fortuna,ES,38.18,-1.13,53.01,75.0,0.0,3.36
1551580998.0,dingle,PH,11.0,122.67,84.31,63.0,32.0,10.45
1551580729.0,cortez,US,37.35,-108.58,37.0,97.0,92.0,8.43
1551580998.0,sarangani,PH,5.4,125.46,80.08,99.0,32.0,9.22
1551580998.0,kinablangan,PH,7.69,126.55,78.82,100.0,8.0,2.95
1551580841.0,mar del plata,AR,-46.43,-67.52,61.86,57.0,0.0,15.48
1551577800.0,tasiilaq,GL,65.61,-37.64,17.6,85.0,80.0,2.24
1551580999.0,mende,FR,44.52,3.5,27.52,89.0,0.0,2.51
1551580747.0,bambous virieux,MU,-20.34,57.76,80.6,88.0,75.0,11.41
1551580990.0,nanakuli,US,21.39,-158.15,78.8,60.0,40.0,13.87
1551578400.0,polyarnyy,RU,69.2,33.45,-13.01,75.0,0.0,7.2
1551580644.0,port alfred,ZA,-33.59,26.89,66.99,80.0,44.0,4.0
1551581001.0,khatanga,RU,71.98,102.47,-14.69,43.0,0.0,2.84
1551581001.0,kananga,CD,-5.9,22.41,70.18,94.0,48.0,2.62
1551580259.0,menomonie,US,44.88,-91.92,12.99,55.0,90.0,6.93
1551581002.0,livingstone,ZW,-17.85,25.86,67.17,80.0,0.0,2.62
1551581002.0,san jeronimo,PE,-13.65,-73.37,44.71,90.0,64.0,1.72
1551581002.0,sangar,RU,63.92,127.47,-9.61,66.0,0.0,3.4
1551578400.0,kununurra,AU,-15.77,128.74,93.2,49.0,0.0,9.17
1551580649.0,portland,US,45.52,-122.67,39.99,48.0,20.0,25.28
1551581003.0,boende,CD,-0.28,20.88,71.04,96.0,80.0,2.17
1551581004.0,antu,CN,43.11,128.89,48.45,30.0,0.0,4.52
1551581004.0,arraial do cabo,BR,-22.97,-42.02,76.71,100.0,68.0,4.74
1551581004.0,cherskiy,RU,68.75,161.3,-3.76,76.0,48.0,8.88
1551580747.0,kirakira,SB,-10.46,161.92,83.64,100.0,0.0,10.33
1551581005.0,luderitz,NA,-26.65,15.16,62.89,81.0,0.0,17.83
1551578400.0,naze,NG,5.43,7.07,78.8,94.0,40.0,3.06
1551577800.0,salalah,OM,17.01,54.1,78.8,24.0,75.0,8.05
1551580812.0,nieuw amsterdam,SR,5.88,-55.08,75.99,88.0,0.0,6.93
1551581006.0,bauchi,NG,10.31,9.85,66.13,54.0,0.0,3.85
1551581006.0,peno,RU,56.92,32.74,29.55,90.0,92.0,24.87
1551581006.0,nazca,PE,-14.83,-74.94,66.49,79.0,0.0,1.72
1551578400.0,tuktoyaktuk,CA,69.44,-133.03,-0.41,64.0,20.0,14.99
1551580961.0,iqaluit,CA,63.75,-68.52,-11.01,76.0,5.0,12.75
1551581007.0,barrow,AR,-38.31,-60.23,53.53,87.0,0.0,6.42
1551581007.0,cherrapunji,IN,25.28,91.72,66.94,71.0,0.0,3.18
1551580538.0,fairbanks,US,64.84,-147.72,30.0,73.0,90.0,3.36
1551581008.0,manokwari,ID,-0.87,134.08,78.96,100.0,48.0,6.64
1551581008.0,tokur,RU,53.13,132.9,18.97,58.0,0.0,3.18
1551578400.0,padang,ID,-0.92,100.36,80.6,88.0,75.0,4.7
1551580736.0,sao joao da barra,BR,-21.64,-41.05,83.68,96.0,64.0,24.99
1551578400.0,cayenne,GF,4.94,-52.33,77.0,88.0,92.0,2.24
1551580574.0,cape town,ZA,-33.93,18.42,68.0,93.0,0.0,5.82
1551581010.0,pevek,RU,69.7,170.27,-6.41,72.0,0.0,6.64
1551577800.0,brae,GB,60.4,-1.35,44.6,87.0,44.0,14.99
1551578400.0,kuala terengganu,MY,5.33,103.14,80.6,78.0,75.0,2.24
1551580718.0,east london,ZA,-33.02,27.91,70.09,100.0,92.0,4.52
1551578400.0,nouadhibou,MR,20.93,-17.03,64.4,55.0,0.0,17.22
1551581011.0,uspenka,UA,48.39,39.16,20.32,85.0,80.0,3.4
1551580965.0,burnie,AU,-41.05,145.91,72.0,84.0,92.0,5.01
1551581011.0,bogale,MM,16.29,95.4,82.47,64.0,0.0,7.09
1551580929.0,souillac,FR,45.6,-0.6,48.2,100.0,75.0,4.7
1551581012.0,hithadhoo,MV,-0.6,73.08,82.74,100.0,24.0,16.15
1551578400.0,high level,CA,58.52,-117.13,1.4,49.0,20.0,3.36
1551580881.0,emerald,AU,-23.53,148.16,88.0,35.0,40.0,12.75
1551578400.0,mackay,CA,53.65,-115.58,-0.41,44.0,5.0,11.41
1551581013.0,tiksi,RU,71.64,128.87,-10.64,53.0,8.0,5.41
1551580704.0,makakilo city,US,21.35,-158.09,78.8,60.0,40.0,13.87
1551581014.0,caravelas,BR,-17.73,-39.27,83.77,100.0,8.0,15.03
1551581009.0,cascais,PT,38.7,-9.42,54.0,81.0,0.0,9.17
1551580985.0,hovd,NO,63.83,10.7,33.01,97.0,90.0,11.41
1551577800.0,ilulissat,GL,69.22,-51.1,15.8,78.0,88.0,8.05
1551581015.0,atar,MR,20.52,-13.05,55.51,28.0,0.0,7.31
1551579000.0,hambantota,LK,6.12,81.12,78.8,100.0,20.0,2.24
1551581015.0,cururupu,BR,-1.82,-44.87,76.57,95.0,92.0,3.85
1551578400.0,raghunathpur,IN,23.54,86.67,60.8,87.0,0.0,2.24
1551581016.0,gushi,CN,32.17,115.65,50.79,82.0,0.0,4.63
1551581016.0,babstovo,RU,48.12,132.48,36.79,54.0,0.0,3.85
1551581016.0,mwinilunga,ZM,-11.73,24.43,59.02,95.0,24.0,2.39
1551578400.0,kot diji,PK,27.34,68.71,53.6,81.0,40.0,8.99
1551578529.0,walvis bay,NA,-22.95,14.51,66.99,77.0,0.0,3.36
1551581017.0,upernavik,GL,72.79,-56.15,1.87,100.0,56.0,4.63
1551578400.0,boa vista,BR,2.82,-60.67,86.0,48.0,0.0,11.41
1551581019.0,mamakan,RU,57.82,114.02,25.14,77.0,68.0,2.73
1551581019.0,dongsheng,CN,29.72,112.52,52.36,90.0,0.0,4.63
1551578400.0,hay river,CA,60.82,-115.79,-9.41,63.0,20.0,4.63
1551581019.0,trairi,BR,-3.28,-39.27,79.54,100.0,92.0,9.66
1551580819.0,kaitangata,NZ,-46.28,169.85,70.59,69.0,0.0,4.85
1551581020.0,corinto,BR,-18.36,-44.46,67.03,94.0,44.0,3.18
1551580571.0,yellowknife,CA,62.45,-114.38,-5.01,58.0,20.0,4.7
1551580994.0,gizo,IL,31.8,34.94,53.6,58.0,40.0,6.93
1551581021.0,kankan,GN,10.38,-9.3,61.32,61.0,8.0,2.73
1551581021.0,puerto quijarro,BO,-19.0,-57.72,78.42,83.0,20.0,2.51
1551578400.0,megion,RU,61.04,76.11,17.6,85.0,0.0,8.95
1551581021.0,sargatskoye,RU,55.6,73.49,21.09,89.0,92.0,21.07
1551581022.0,gambela,ET,8.25,34.59,57.45,85.0,24.0,2.62
1551580835.0,show low,US,34.25,-110.03,48.2,87.0,75.0,23.04
1551580969.0,santa fe,AR,-31.62,-60.7,73.0,63.0,0.0,5.01
1551578400.0,port hardy,CA,50.7,-127.42,41.0,65.0,20.0,8.05
1551581023.0,bonthe,SL,7.53,-12.5,77.07,88.0,20.0,4.97
1551581023.0,kruisfontein,ZA,-34.0,24.73,59.29,87.0,0.0,2.39
1551581024.0,assiniboia,CA,49.63,-105.99,-9.74,64.0,32.0,12.12
1551581019.0,port elizabeth,US,39.31,-74.98,37.99,86.0,1.0,4.7
1551581024.0,meulaboh,ID,4.14,96.13,82.56,100.0,64.0,2.62
1551581025.0,san joaquin,PH,10.59,122.14,84.31,63.0,32.0,10.45
1551580867.0,bielsko-biala,PL,49.82,19.05,37.99,80.0,90.0,2.24
1551581025.0,iturama,BR,-19.73,-50.2,70.72,92.0,24.0,3.96
1551581026.0,olenegorsk,RU,68.14,33.28,2.86,72.0,0.0,5.19
1551580933.0,flinders,AU,-34.58,150.85,88.0,42.0,0.0,9.17
1551581026.0,cabrera,CO,3.98,-74.48,58.44,90.0,80.0,1.61
1551581026.0,bukachacha,RU,52.99,116.91,31.84,63.0,0.0,3.62
1551580525.0,coos bay,US,43.37,-124.22,48.2,81.0,1.0,11.41
1551580689.0,ribeira brava,PT,32.65,-17.07,62.6,77.0,75.0,8.05
1551581027.0,vanimo,PG,-2.67,141.3,83.1,99.0,24.0,12.68
1551578400.0,gat,SN,14.69,-16.54,64.4,63.0,0.0,16.11
1551580965.0,vardo,US,39.62,-77.74,44.6,56.0,90.0,9.17
1551580732.0,dukat,RS,42.44,22.31,34.0,79.0,80.0,2.17
1551580811.0,colac,AU,-38.34,143.59,93.99,29.0,76.0,6.53
1551581028.0,batticaloa,LK,7.71,81.69,81.97,96.0,32.0,8.66
1551581029.0,rock sound,BS,24.9,-76.2,78.19,96.0,92.0,13.47
1551578400.0,geraldton,CA,49.72,-86.95,1.4,54.0,20.0,4.7
1551581029.0,kondol,RU,52.82,45.06,9.97,79.0,56.0,9.66
1551581029.0,huilong,CN,28.89,110.18,46.33,93.0,32.0,3.18
1551578400.0,moose factory,CA,51.26,-80.61,-11.21,76.0,1.0,2.24
1551580825.0,nova olimpia,BR,-14.8,-57.29,78.96,83.0,24.0,2.51
1551580695.0,lompoc,US,34.64,-120.46,59.0,93.0,90.0,6.93
1551578160.0,douglas,US,58.28,-134.39,35.6,40.0,90.0,12.75
1551581031.0,berlevag,NO,70.86,29.09,24.28,100.0,68.0,12.24
1551581031.0,kifri,IQ,34.69,44.96,34.09,91.0,0.0,4.97
1551581031.0,kjollefjord,NO,70.95,27.35,23.25,92.0,76.0,7.65
1551580829.0,eureka,US,40.8,-124.16,53.01,81.0,90.0,4.7
1551577800.0,saint george,GR,39.45,22.34,51.8,40.0,40.0,12.75
1551581032.0,sorong,ID,-0.86,131.25,82.29,100.0,12.0,7.43
1551581032.0,baruun-urt,MN,46.68,113.28,36.61,35.0,8.0,7.99
1551581033.0,pangnirtung,CA,66.15,-65.72,-14.96,65.0,32.0,0.72
1551580447.0,grand gaube,MU,-20.01,57.66,80.6,88.0,75.0,11.41
1551581033.0,flin flon,CA,54.77,-101.88,-2.86,60.0,48.0,9.66
1551580819.0,certeju de sus,RO,45.97,22.97,30.99,69.0,48.0,1.61
1551578408.0,dwarka,IN,28.58,77.04,64.0,93.0,75.0,4.7
1551581034.0,amahai,ID,-3.31,129.0,83.14,100.0,48.0,1.39
1551581034.0,balkanabat,TM,39.51,54.36,29.1,71.0,0.0,1.39
1551580988.0,ballina,IE,54.11,-9.15,48.99,70.0,76.0,13.0
1551581035.0,marsa matruh,EG,31.35,27.25,50.79,69.0,0.0,12.91
1551580287.0,pochutla,MX,15.74,-96.47,81.0,62.0,8.0,8.66
1551581035.0,barabai,ID,-2.59,115.38,84.22,78.0,68.0,1.72
1551580816.0,north bend,US,43.41,-124.22,48.2,81.0,1.0,11.41
1551580924.0,kenai,US,60.55,-151.26,33.8,80.0,90.0,8.05
1551580807.0,tuatapere,NZ,-46.13,167.69,66.99,68.0,0.0,15.99
1551581036.0,erenhot,CN,43.65,111.97,34.54,49.0,0.0,9.1
1551578400.0,najran,SA,17.54,44.22,59.0,33.0,5.0,5.82
1551581037.0,garowe,SO,8.41,48.48,69.06,93.0,92.0,4.74
1551580878.0,salcininkai,LT,54.3,25.38,25.0,68.0,0.0,10.29
1551580982.0,tautira,PF,-17.73,-149.15,89.6,62.0,20.0,6.93
1551580815.0,ixtapa,MX,20.71,-105.21,75.2,94.0,5.0,10.29
1551581038.0,ponta do sol,BR,-20.63,-46.0,64.74,97.0,92.0,4.52
1551581038.0,khilok,RU,51.36,110.46,28.42,55.0,0.0,3.74
1551581038.0,dikson,RU,73.51,80.55,-5.47,82.0,48.0,3.29
1551581039.0,pringsewu,ID,-5.36,104.98,77.7,95.0,92.0,2.73
1551578400.0,santa isabel,CO,4.71,-75.1,69.8,100.0,90.0,1.5
1551581040.0,kindu,CD,-2.95,25.92,68.7,100.0,80.0,2.62
1551580301.0,san cristobal,EC,-0.39,-78.55,57.2,93.0,75.0,5.82
1551581041.0,hobyo,SO,5.35,48.53,73.92,91.0,0.0,8.21
1551578400.0,mae hong son,MM,19.3,97.96,68.0,77.0,0.0,2.51
1551581042.0,hami,CN,42.84,93.51,38.91,46.0,0.0,3.62
1551581042.0,burns lake,CA,54.23,-125.76,3.36,42.0,0.0,4.29
1551580807.0,esperance,TT,10.24,-61.45,78.01,83.0,75.0,6.93
1551578400.0,adrar,DZ,27.87,-0.29,53.6,30.0,0.0,9.17
1551579883.0,katsuura,JP,33.93,134.5,51.01,53.0,90.0,4.7
1551581043.0,mitsamiouli,KM,-11.38,43.28,81.66,100.0,76.0,9.78
1551581043.0,kroya,ID,-6.5,108.06,83.23,86.0,24.0,1.95
1551581043.0,sao gabriel da cachoeira,BR,-0.13,-67.09,76.17,90.0,8.0,2.17
1551577800.0,longyearbyen,NO,78.22,15.63,1.4,77.0,40.0,8.05
1551581044.0,tres arroyos,AR,-38.38,-60.28,53.53,87.0,0.0,6.42
1551581044.0,matveyevka,UA,45.75,33.81,22.39,87.0,0.0,3.85
1551577980.0,kloulklubed,PW,7.04,134.26,82.4,78.0,75.0,5.82
1551581045.0,tungor,RU,53.39,142.95,5.34,100.0,20.0,7.43
1551580988.0,westport,IE,53.8,-9.52,48.99,68.0,80.0,11.01
1551581046.0,aden,YE,12.79,45.03,78.42,99.0,92.0,12.46
1551581046.0,namibe,AO,-15.19,12.15,76.71,100.0,68.0,2.28
1551581045.0,portsmouth,GB,50.8,-1.08,52.0,93.0,92.0,10.29
1551578400.0,hanchuan,CN,30.65,113.83,44.6,81.0,0.0,4.47
1551581047.0,yuanping,CN,38.72,112.71,43.86,64.0,0.0,3.06
1551578400.0,bushehr,IR,28.97,50.84,55.4,62.0,0.0,5.75
1551581048.0,payakumbuh,ID,-0.23,100.63,78.01,92.0,88.0,2.62
1551580472.0,wasilla,US,61.58,-149.44,35.6,55.0,40.0,4.7
1551580863.0,huntsville,US,34.73,-86.59,46.4,81.0,90.0,3.36
1551581048.0,nosy varika,MG,-20.58,48.53,76.8,100.0,36.0,1.61
1551581049.0,umm lajj,SA,25.02,37.27,53.67,100.0,0.0,7.09
1551581049.0,isangel,VU,-19.55,169.27,84.0,93.0,36.0,10.45
1551578400.0,anloga,GH,5.79,0.9,80.6,88.0,20.0,5.82
1551578400.0,coihaique,CL,-45.58,-72.07,51.8,87.0,75.0,3.36
1551580201.0,lasa,CY,34.92,32.53,57.2,76.0,90.0,2.24
1551578400.0,lenger,KZ,42.18,69.89,42.8,87.0,90.0,11.18
1551578400.0,port hedland,AU,-20.31,118.58,93.2,52.0,92.0,9.17
1551577200.0,laguna,MX,27.52,-110.01,69.8,46.0,75.0,3.36
1551580913.0,thunder bay,CA,48.41,-89.26,5.0,49.0,20.0,9.17
1551578160.0,ketchikan,US,55.34,-131.65,35.6,29.0,1.0,16.11
1551581051.0,omsukchan,RU,62.53,155.8,-9.02,60.0,20.0,3.74
1551581051.0,talnakh,RU,69.49,88.39,16.63,88.0,80.0,21.07
1551581052.0,buala,SB,-8.15,159.59,82.47,86.0,92.0,1.61
1551578400.0,smithers,CA,54.78,-127.17,14.0,30.0,5.0,2.06
1551581052.0,morondava,MG,-20.3,44.28,79.09,100.0,48.0,2.73
1551581050.0,aparecida do taboado,BR,-20.08,-51.1,71.04,93.0,8.0,4.74
1551581052.0,kavieng,PG,-2.57,150.8,83.82,100.0,32.0,3.96
1551578400.0,pisco,PE,-13.71,-76.2,73.4,78.0,0.0,16.11
1551581053.0,porosozero,RU,62.72,32.71,20.19,83.0,80.0,11.01
1551578400.0,kitimat,CA,54.02,-128.69,23.0,27.0,5.0,9.17
1551580802.0,tateyama,JP,36.66,137.31,57.99,34.0,75.0,4.7
1551581045.0,olga,US,34.11,-118.17,62.01,93.0,90.0,6.93
1551581054.0,zeya,RU,53.74,127.27,23.56,60.0,0.0,3.06
1551581054.0,oriximina,BR,-1.77,-55.87,77.97,87.0,24.0,3.96
1551581055.0,port lincoln,AU,-34.72,135.86,74.64,70.0,0.0,13.69
1551581055.0,mattru,SL,7.62,-11.83,75.04,79.0,8.0,4.74
1551581056.0,hofn,IS,64.25,-15.21,37.56,100.0,80.0,22.3
1551581056.0,yar-sale,RU,66.83,70.83,-13.43,61.0,0.0,4.52
1551581056.0,samarai,PG,-10.62,150.67,81.39,100.0,8.0,2.62
1551578400.0,sept-iles,CA,50.2,-66.38,12.2,51.0,5.0,6.93
1551580943.0,bharatpur,NP,27.68,84.43,62.67,48.0,12.0,3.06
1551580209.0,sitka,US,37.17,-99.65,21.99,85.0,92.0,4.0
1551578400.0,inuvik,CA,68.36,-133.71,5.0,45.0,20.0,4.7
1551581058.0,bandarbeyla,SO,9.49,50.81,76.66,100.0,0.0,4.63
1551578400.0,mazagao,BR,-0.12,-51.29,77.0,100.0,40.0,5.82
1551580982.0,mecca,SA,21.43,39.83,59.56,66.0,68.0,7.43
1551581059.0,rey bouba,CM,8.67,14.18,73.06,70.0,8.0,2.62
1551581059.0,sisimiut,GL,66.94,-53.67,5.52,87.0,92.0,1.95
1551578400.0,noumea,NC,-22.28,166.46,82.4,74.0,90.0,19.46
1551580987.0,vikhorevka,RU,56.12,101.17,24.8,92.0,90.0,4.47
1551580830.0,mao,DO,19.55,-71.08,78.01,78.0,20.0,6.93
1551578400.0,humaita,AR,-24.93,-65.37,75.2,77.0,0.0,4.7
1551581061.0,mocuba,MZ,-16.84,36.99,74.91,95.0,64.0,1.95
1551581061.0,magadan,RU,59.56,150.8,7.41,100.0,0.0,4.74
1551578400.0,iquique,CL,-20.22,-70.14,71.6,68.0,0.0,10.29
1551578400.0,yulara,AU,-25.24,130.99,98.6,13.0,0.0,8.05
1551581062.0,ust-nera,RU,64.57,143.24,-23.02,59.0,20.0,1.39
1551578400.0,bintulu,MY,3.17,113.03,82.4,78.0,75.0,3.36
1551578100.0,huron,US,44.36,-98.21,-5.81,76.0,40.0,10.29
1551577380.0,constitucion,MX,23.99,-104.67,73.4,15.0,5.0,18.34
1551581061.0,wenling,CN,28.38,121.38,52.0,97.0,92.0,6.76
1551581063.0,rodino,RU,52.5,80.2,23.83,87.0,12.0,11.9
1551581063.0,ahipara,NZ,-35.17,173.16,75.36,60.0,0.0,8.55
1551581063.0,vao,EE,59.1,26.19,23.02,75.0,56.0,7.87
1551580293.0,dunedin,NZ,-45.87,170.5,66.99,59.0,0.0,8.99
1551580929.0,saint-augustin,FR,44.83,-0.61,48.2,93.0,0.0,3.36
1551578400.0,buchanan,LR,5.88,-10.05,77.0,94.0,75.0,5.41
1551581065.0,zhigansk,RU,66.77,123.37,-4.34,66.0,24.0,4.07
1551581065.0,iaciara,BR,-14.1,-46.63,72.07,92.0,64.0,3.29
1551578400.0,camacari,BR,-12.7,-38.32,84.2,79.0,20.0,6.93
1551581065.0,ust-tsilma,RU,65.44,52.15,-9.34,49.0,0.0,5.19
1551581066.0,viransehir,TR,37.24,39.76,43.86,97.0,92.0,3.51
1551581066.0,cordoba,CO,5.59,-73.79,51.91,83.0,76.0,2.06
1551580205.0,saint-georges,CA,46.12,-70.67,21.99,75.0,76.0,2.84
1551581067.0,ostrovnoy,RU,68.05,39.51,0.88,79.0,0.0,10.45
1551580805.0,raudeberg,NO,61.99,5.14,43.0,81.0,88.0,14.99
1551581067.0,mirnyy,RU,56.57,36.46,19.42,86.0,92.0,22.75
1551581068.0,bulawayo,ZW,-20.16,28.59,61.72,84.0,0.0,3.51
1551580812.0,nelson bay,AU,-32.72,152.14,86.0,45.0,90.0,10.29
1551581001.0,torbay,CA,47.66,-52.73,23.0,73.0,5.0,11.41
1551578400.0,phayakkhaphum phisai,TH,15.52,103.19,80.6,83.0,75.0,4.7
1551580859.0,saint anthony,US,43.97,-111.68,26.6,68.0,1.0,3.36
1551581065.0,linxia,CN,35.6,103.21,40.39,21.0,0.0,3.62
1551578400.0,rio gallegos,AR,-51.62,-69.22,51.8,87.0,75.0,6.87
1551581069.0,tomatlan,MX,19.93,-105.25,69.64,91.0,0.0,2.62
1551581070.0,trelew,AR,-43.25,-65.31,62.89,58.0,20.0,7.99
1551581070.0,lata,IN,30.78,78.62,38.86,100.0,64.0,1.72
1551581070.0,tiznit,MA,29.7,-9.73,49.89,95.0,12.0,3.4
1551581070.0,patacamaya,BO,-17.23,-67.92,39.81,91.0,24.0,3.29
1551581070.0,inhambane,MZ,-23.87,35.38,78.73,98.0,76.0,9.22
1551581071.0,saurimo,AO,-9.66,20.4,64.33,92.0,76.0,2.51
1551581071.0,verkhnyaya inta,RU,65.99,60.32,-6.19,56.0,0.0,2.62
1551581071.0,kargasok,RU,59.06,80.87,12.31,85.0,44.0,5.19
1551581071.0,beringovskiy,RU,63.05,179.32,29.55,90.0,68.0,18.95
1551581072.0,sur,OM,22.57,59.53,65.86,100.0,0.0,16.71
1551581072.0,cochrane,CL,-47.25,-72.57,43.36,84.0,88.0,2.28
1551581072.0,jalu,LY,29.03,21.55,43.41,84.0,0.0,6.2
1551581072.0,pangoa,PE,-12.12,-73.0,66.49,90.0,8.0,2.95
1551581073.0,sao miguel do araguaia,BR,-13.28,-50.16,74.14,92.0,20.0,2.84
1551580931.0,lima,PE,-12.06,-77.04,78.8,69.0,0.0,11.41
1551581073.0,kokopo,PG,-4.34,152.27,84.13,94.0,24.0,5.75
1551581073.0,opuwo,NA,-18.06,13.84,62.49,93.0,80.0,2.17
1551581074.0,yangambi,CD,0.77,24.47,69.06,100.0,92.0,2.95
1551581076.0,santa rosa,AR,-36.62,-64.29,64.29,50.0,64.0,7.76
1551580981.0,batabano,CU,22.72,-82.29,73.4,83.0,40.0,9.17
1551581076.0,oussouye,SN,12.49,-16.54,69.51,85.0,0.0,14.14
1551580787.0,kavaratti,IN,10.57,72.64,81.39,100.0,12.0,8.99
1551581077.0,perevolotskiy,RU,51.88,54.19,27.43,96.0,92.0,14.58
1551580249.0,puntarenas,CR,9.98,-84.84,71.6,73.0,20.0,9.17
1551581078.0,bouna,CI,9.27,-3.0,70.18,41.0,76.0,2.84
1551580835.0,beloha,MG,-25.17,45.06,73.69,90.0,0.0,3.51
1551581078.0,sibolga,ID,1.74,98.78,76.57,93.0,44.0,2.39
1551581078.0,lavrentiya,RU,65.58,-170.99,23.92,97.0,92.0,6.76
1551578400.0,buraydah,SA,26.33,43.97,50.0,71.0,20.0,8.05
1551576600.0,pernem,IN,15.72,73.8,75.2,83.0,20.0,5.82
1551581079.0,imeni poliny osipenko,RU,52.42,136.49,26.76,65.0,0.0,3.74
1551581080.0,yumen,CN,40.29,97.04,36.07,39.0,0.0,2.17
1551580979.0,gryfino,PL,53.25,14.49,37.0,90.0,75.0,8.05
1551581081.0,lorengau,PG,-2.02,147.27,84.81,93.0,32.0,9.1
1551580833.0,college,US,64.86,-147.8,30.0,73.0,90.0,3.36
1551580803.0,batemans bay,AU,-35.71,150.18,88.0,26.0,0.0,1.99
1551581063.0,vila,IT,45.18,8.4,48.0,60.0,0.0,8.05
1551581082.0,serenje,ZM,-13.23,30.22,60.19,89.0,12.0,3.06
1551580801.0,xinzhi,TW,22.54,120.62,81.0,61.0,75.0,5.82
1551581045.0,port macquarie,AU,-31.43,152.91,79.0,65.0,75.0,5.82
1551580277.0,skegness,GB,53.14,0.34,46.99,70.0,0.0,14.99
1551581083.0,san quintin,PH,17.54,120.52,79.59,63.0,32.0,4.18
1551580953.0,codrington,AU,-28.95,153.24,82.4,61.0,90.0,11.41
1551580975.0,balsas,BR,-7.53,-46.04,70.95,97.0,80.0,2.84
1551580834.0,otradnoye,RU,59.77,30.8,21.99,73.0,90.0,24.61
1551580221.0,belmopan,BZ,17.25,-88.77,80.6,65.0,0.0,6.93
1551578400.0,havre-saint-pierre,CA,50.23,-63.6,12.2,51.0,40.0,5.82
1551581084.0,wuan,CN,31.68,112.0,51.37,82.0,0.0,5.41
1551581084.0,biskamzha,RU,53.45,89.53,20.41,81.0,0.0,2.62
1551580200.0,dubrovnik,HR,42.65,18.09,53.6,37.0,0.0,13.87
1551581085.0,kabugao,PH,18.02,121.18,82.33,52.0,0.0,2.06
1551581085.0,baculin,PH,7.45,126.58,80.22,85.0,8.0,4.63
1551578400.0,la ronge,CA,55.1,-105.3,-4.01,64.0,90.0,11.41
1551581086.0,soyo,AO,-6.13,12.37,76.57,99.0,92.0,2.39
1551578400.0,coquimbo,CL,-29.95,-71.34,62.6,82.0,90.0,2.24
1551581086.0,daru,SL,7.99,-10.85,75.09,58.0,20.0,4.18
1551578400.0,mount gambier,AU,-37.83,140.78,77.0,57.0,44.0,5.82
1551579600.0,klaksvik,FO,62.23,-6.59,42.8,87.0,92.0,9.17
1551580853.0,ratnagiri,IN,16.98,73.3,75.36,100.0,0.0,6.31
1551581087.0,koygorodok,RU,60.44,51.01,-2.72,71.0,0.0,4.74
1551578400.0,ancud,CL,-41.87,-73.83,50.0,87.0,80.0,3.36
1551581040.0,hamilton,CA,43.26,-79.87,30.2,85.0,75.0,6.93
1551580757.0,yerbogachen,RU,61.28,108.01,15.96,85.0,80.0,3.74
1551581088.0,salym,RU,60.06,71.48,19.33,75.0,88.0,10.0
1551581084.0,galveston,US,40.58,-86.19,32.0,74.0,1.0,6.93
1551578400.0,faya,SA,18.39,42.45,55.4,81.0,0.0,11.41
1551581089.0,muisne,EC,0.61,-80.02,73.33,93.0,32.0,3.4
1551580817.0,kingaroy,AU,-26.54,151.84,82.99,57.0,40.0,11.41
1551580746.0,timra,SE,62.49,17.33,26.01,62.0,92.0,6.93
1551578400.0,puri,ID,-7.54,112.45,84.2,79.0,20.0,3.85
1551581090.0,bichena,ET,10.45,38.2,52.81,90.0,8.0,1.83
1551581090.0,aykhal,RU,65.95,111.51,3.45,77.0,64.0,2.95
1551581090.0,badah,PK,27.33,68.01,57.31,100.0,92.0,4.07
1551580986.0,penzance,GB,50.12,-5.53,52.0,93.0,92.0,13.87
1551581055.0,te anau,NZ,-45.41,167.72,73.06,29.0,0.0,4.97
1551578400.0,whitehorse,CA,60.72,-135.06,15.8,40.0,75.0,13.87
1551581091.0,umm kaddadah,SD,13.6,26.69,60.51,18.0,0.0,9.89
1551580804.0,port lavaca,US,28.61,-96.63,69.01,94.0,90.0,8.05
1551581092.0,ahmadnagar,IN,19.09,74.75,62.71,83.0,8.0,4.97
1551580408.0,bua yai,TH,15.59,102.43,87.01,58.0,0.0,5.41
1551580986.0,anadyr,RU,64.73,177.51,23.0,85.0,90.0,2.24
1551581093.0,burgeo,CA,47.61,-57.61,23.02,100.0,24.0,10.33
1551578400.0,neiafu,TO,-18.65,-173.98,86.0,74.0,20.0,10.29
1551581093.0,kutum,SD,14.2,24.66,54.75,33.0,0.0,6.87
1551581093.0,jawhar,IN,19.91,73.23,69.64,90.0,0.0,4.74
1551581094.0,kungurtug,RU,50.6,97.53,21.09,66.0,32.0,2.73
1551581094.0,sarana,RU,56.48,57.73,20.77,88.0,80.0,2.39
1551578400.0,el alto,BO,-16.5,-68.19,41.0,80.0,75.0,6.93
1551580982.0,teahupoo,PF,-17.83,-149.27,89.6,62.0,20.0,6.93
1551581045.0,nohfelden,DE,49.59,7.14,48.2,93.0,92.0,17.22
1551577800.0,kiruna,SE,67.86,20.23,-7.61,76.0,0.0,10.29
1551581095.0,paramonga,PE,-10.68,-77.82,72.75,100.0,0.0,11.01
1551578400.0,samarkand,UZ,39.65,66.98,35.6,80.0,20.0,4.7
1551578400.0,broken hill,AU,-31.97,141.45,95.0,14.0,0.0,9.17
1551580872.0,ferrol,ES,43.48,-8.23,57.0,76.0,88.0,12.75
1551581096.0,jutai,BR,-1.71,-47.89,74.32,97.0,68.0,3.51
1551578400.0,toamasina,MG,-18.17,49.38,77.0,94.0,40.0,2.73
1551581097.0,kolyshley,RU,52.7,44.54,10.87,88.0,48.0,8.99
1551580310.0,praia da vitoria,PT,38.73,-27.07,57.2,87.0,20.0,27.11
1551581031.0,stevens point,US,44.52,-89.57,19.4,62.0,40.0,6.93
1551581098.0,coahuayana,MX,18.62,-100.35,67.8,80.0,8.0,1.16
1551581098.0,mouila,GA,-1.86,11.06,69.6,95.0,20.0,1.61
1551580846.0,caraquet,CA,47.79,-64.94,21.2,57.0,20.0,4.7
1551581099.0,taoudenni,ML,22.68,-3.98,46.51,41.0,0.0,7.43
1551581099.0,lensk,RU,60.71,114.91,12.36,70.0,56.0,3.4
1551581099.0,poum,MK,41.28,20.71,15.19,71.0,0.0,1.83
1551578400.0,dawson creek,CA,55.76,-120.23,-2.21,57.0,1.0,3.36
1551581100.0,puteyets,RU,65.17,57.09,-7.04,59.0,0.0,4.41
1551581100.0,puerto leguizamo,CO,-0.19,-74.78,77.47,90.0,8.0,2.39
1551580312.0,saint-francois,FR,46.42,3.91,39.2,93.0,0.0,4.7
1551581101.0,san patricio,PY,-26.98,-56.83,72.57,72.0,0.0,2.51
1551581101.0,kieta,PG,-6.22,155.63,80.71,100.0,36.0,4.41
1551579887.0,tandil,AR,-37.33,-59.14,54.0,93.0,0.0,8.32
1551581102.0,micomeseng,GQ,2.15,10.62,73.2,94.0,92.0,2.95
1551581102.0,veinticinco de mayo,AR,-27.38,-54.75,65.82,86.0,0.0,2.62
1551578400.0,clyde river,CA,70.47,-68.59,-4.01,83.0,1.0,14.99
1551581103.0,suhbaatar,MN,50.23,106.21,29.41,59.0,44.0,4.41
1551581103.0,gbarnga,LR,7.0,-9.47,71.98,67.0,0.0,7.09
1551581104.0,meiganga,CM,6.52,14.29,66.76,91.0,12.0,2.73
1551578400.0,minudasht,IR,37.23,55.37,41.0,80.0,0.0,6.76
1551581105.0,bantou,CN,26.22,117.49,56.86,92.0,92.0,2.84
1551580808.0,sao joao dos patos,BR,-6.5,-43.7,71.67,97.0,20.0,2.39
1551581104.0,plymouth,GB,50.37,-4.14,50.0,97.0,92.0,1.01
1551581106.0,krutinka,RU,56.01,71.51,23.97,89.0,92.0,21.74
1551580724.0,aswan,EG,24.09,32.9,44.71,83.0,0.0,2.95
1551581107.0,palu,ID,-0.9,119.87,73.92,83.0,80.0,1.5
1551581107.0,matagami,NG,9.67,8.4,65.32,91.0,44.0,4.41
1551581055.0,sistranda,NO,63.73,8.83,36.0,87.0,92.0,11.99
1551581103.0,half moon bay,US,37.46,-122.43,57.99,100.0,90.0,5.82
1551578400.0,kijang,KR,35.24,129.21,57.2,47.0,0.0,8.05
1551581104.0,muros,ES,42.77,-9.06,57.99,81.0,75.0,16.11
1551581106.0,ponca city,US,36.73,-97.07,35.6,70.0,90.0,6.93
1551578400.0,bathsheba,BB,13.22,-59.52,77.0,73.0,40.0,23.04
1551580249.0,belmonte,PT,40.36,-7.35,45.0,96.0,8.0,2.39
1551581110.0,bagdarin,RU,54.44,113.59,24.15,63.0,0.0,3.51
1551578400.0,port blair,IN,11.67,92.75,77.0,83.0,40.0,2.24
1551578400.0,touros,BR,-5.2,-35.46,78.8,94.0,75.0,4.7
1551581110.0,owando,CG,-0.49,15.91,69.24,97.0,56.0,2.84
1551581111.0,goderich,CA,43.74,-81.71,28.0,83.0,0.0,10.0
1551581111.0,hudiksvall,SE,61.73,17.1,28.47,100.0,92.0,12.57
1551580993.0,necochea,AR,-38.55,-58.74,57.99,87.0,0.0,2.84
1551581112.0,quchan,IR,37.11,58.51,17.53,72.0,0.0,3.06
1551581112.0,marsh harbour,BS,26.54,-77.06,76.35,100.0,8.0,7.76
1551581112.0,nizhniy odes,RU,63.64,54.86,-13.79,61.0,8.0,3.4
1551578400.0,praia,BR,-20.25,-43.81,69.8,83.0,0.0,4.7
1551578400.0,aklavik,CA,68.22,-135.01,5.0,45.0,20.0,4.7
1551581108.0,nome,US,30.04,-94.42,68.0,82.0,90.0,3.36
1551581079.0,nishihara,JP,35.74,139.53,46.0,93.0,75.0,4.7
1551581114.0,zhenlai,CN,45.84,123.2,43.36,47.0,24.0,5.41
1551580820.0,pierre,US,44.37,-100.35,-7.61,83.0,90.0,6.93
1551581114.0,betafo,MG,-19.84,46.86,57.27,90.0,80.0,3.29
1551580897.0,ostersund,SE,63.18,14.64,21.99,79.0,92.0,14.99
1551580287.0,upata,VE,8.02,-62.41,77.0,80.0,76.0,5.01
1551581115.0,mehamn,NO,71.03,27.85,23.25,92.0,76.0,7.65
1551580311.0,ojinaga,US,29.56,-104.41,73.4,17.0,1.0,6.93
1551581116.0,ramnagar,IN,27.17,84.33,65.46,46.0,12.0,4.85
1551581116.0,kalemie,CD,-5.95,29.2,75.04,100.0,24.0,5.64
1551581116.0,bhaderwah,IN,32.98,75.72,34.18,90.0,56.0,1.83
1551581116.0,jumla,NP,29.28,82.18,23.79,96.0,92.0,1.72
1551578400.0,kedrovyy,RU,56.17,91.82,10.4,92.0,0.0,2.24
1551578400.0,griffith,AU,-34.29,146.06,93.2,23.0,0.0,3.36
1551580807.0,cabo san lucas,MX,22.89,-109.91,77.0,50.0,5.0,9.44
1551581117.0,poronaysk,RU,49.22,143.1,23.74,72.0,20.0,4.97
1551577800.0,nuuk,GL,64.17,-51.74,23.0,92.0,92.0,8.05
1551581118.0,vallenar,CL,-28.58,-70.76,59.7,85.0,36.0,1.95
1551581118.0,gamba,CN,28.28,88.52,4.57,85.0,24.0,2.95
1551581118.0,tabou,CI,4.42,-7.36,82.78,98.0,0.0,4.85
1551580472.0,palmer,US,61.6,-149.11,35.6,58.0,40.0,3.36
1551581119.0,quesnel,CA,52.98,-122.49,2.37,53.0,0.0,3.18
1551581119.0,fare,PF,-16.7,-151.02,84.27,100.0,0.0,7.76
1551580882.0,rio grande,BR,-32.03,-52.1,70.95,90.0,0.0,14.14
1551581120.0,kuito,AO,-12.38,16.94,60.01,95.0,88.0,2.73
1551581116.0,connersville,US,39.64,-85.14,37.99,78.0,90.0,8.05
1551580955.0,hvide sande,DK,56.01,8.13,46.99,100.0,92.0,11.41
1551581120.0,tartagal,AR,-22.52,-63.8,70.81,92.0,88.0,6.64
1551581121.0,aripuana,BR,-9.17,-60.63,77.47,88.0,48.0,1.95
1551581121.0,axim,GH,4.87,-2.24,82.69,98.0,36.0,8.77
1551581121.0,altay,CN,47.83,88.13,15.51,59.0,0.0,4.52
1551581122.0,haines junction,CA,60.75,-137.51,12.76,85.0,76.0,1.95
1551581027.0,mingaora,PK,34.78,72.36,35.26,100.0,92.0,1.72
1551581115.0,soller,DE,50.73,6.56,50.0,76.0,56.0,11.41
1551581122.0,bazarnyye mataki,RU,54.9,49.93,9.43,75.0,0.0,15.93
1551581123.0,sechura,PE,-5.56,-80.82,76.39,80.0,20.0,8.66
1551578400.0,mirzapur,IN,25.15,82.57,60.8,77.0,75.0,2.24
1551580310.0,williston,US,48.15,-103.62,-13.01,62.0,1.0,11.41
1551581124.0,ola,RU,59.58,151.3,5.52,100.0,0.0,3.74
1551581124.0,baykit,RU,61.68,96.39,12.27,69.0,68.0,2.84
1551581124.0,sinnamary,GF,5.38,-52.96,79.14,94.0,64.0,12.01
1551581125.0,senanga,ZM,-16.1,23.3,66.72,69.0,0.0,3.4
1551581125.0,mirabad,IR,28.27,61.33,28.51,74.0,0.0,2.73
1551581109.0,havelock,US,34.88,-76.9,53.6,87.0,90.0,5.82
1551578400.0,limbang,BN,4.75,115.01,86.0,62.0,75.0,2.24
1551581126.0,bubaque,GW,11.28,-15.83,75.0,100.0,0.0,5.97
1551578400.0,bouloupari,NC,-21.87,166.05,82.4,74.0,90.0,19.46
1551578400.0,phibun mangsahan,TH,15.24,105.23,82.4,65.0,0.0,6.93
1551580700.0,tromso,NO,69.65,18.96,17.6,67.0,40.0,8.05
1551581127.0,kudahuvadhoo,MV,2.67,72.89,82.24,100.0,92.0,12.57
1551581127.0,chitral,PK,35.85,71.79,12.76,84.0,88.0,0.72
1551581127.0,fayaoue,NC,-20.65,166.53,80.04,99.0,92.0,10.67
